-8.42926025390625,127.3040771484375,121
-8.43475341796875,127.3040771484375,206
-8.41827392578125,127.3150634765625,81
-9.22576904296875,124.2388916015625,87
-9.22576904296875,124.2498779296875,75
-9.22027587890625,124.2498779296875,67
-8.38531494140625,127.2711181640625,322
-8.56658935546875,127.1392822265625,1134
-9.20928955078125,124.2059326171875,2
-8.96759033203125,126.5240478515625,140
-8.11614990234375,125.6341552734375,303
-8.37982177734375,127.2711181640625,0
-8.38531494140625,127.2821044921875,50
-8.41827392578125,127.3040771484375,298
-8.55010986328125,127.1502685546875,85
-8.42376708984375,127.3040771484375,17
-8.55560302734375,127.1502685546875,97
-8.56109619140625,127.1502685546875,21
-8.55560302734375,127.1392822265625,193
-8.56109619140625,127.1392822265625,252
-8.78631591796875,124.9859619140625,24
-8.77532958984375,124.9969482421875,46
-8.76983642578125,124.9859619140625,35
-8.78631591796875,125.0079345703125,155
-8.55010986328125,127.1612548828125,60
-8.76983642578125,124.9969482421875,72
-8.78631591796875,124.9969482421875,7
-8.78082275390625,124.9859619140625,38
-8.77532958984375,124.9859619140625,5
-8.43475341796875,127.2930908203125,479
-8.78082275390625,124.9969482421875,85
-8.32489013671875,127.0294189453125,28
-9.22576904296875,124.2608642578125,58
-9.22027587890625,124.2608642578125,369
-8.09967041015625,125.6671142578125,0
-8.37982177734375,127.2930908203125,11
-8.53363037109375,127.1722412109375,124
-8.39080810546875,127.3040771484375,46
-8.78082275390625,125.0079345703125,82
-9.21478271484375,124.2718505859375,2610
-8.54461669921875,127.1722412109375,121
-8.53912353515625,127.1722412109375,354
-8.54461669921875,127.1612548828125,337
-9.22027587890625,124.2718505859375,225
-8.78631591796875,125.0299072265625,195
-8.75885009765625,124.9969482421875,25
-8.78631591796875,125.0408935546875,192
-8.78082275390625,125.0299072265625,211
-8.42376708984375,127.3370361328125,43
-8.42926025390625,127.3480224609375,56
-8.43475341796875,127.3480224609375,56
-8.76434326171875,124.9969482421875,1
-8.78631591796875,125.0518798828125,157
-8.75885009765625,125.0189208984375,126
-8.38531494140625,127.2930908203125,1
-8.76983642578125,125.0408935546875,375
-8.76434326171875,125.0189208984375,19
-8.40728759765625,127.3040771484375,190
-8.39080810546875,127.2930908203125,18
-8.41278076171875,127.3040771484375,947
-8.78082275390625,125.0518798828125,248
-8.75335693359375,125.0079345703125,14
-8.37982177734375,127.2821044921875,67
-8.77532958984375,125.0299072265625,195
-8.78082275390625,125.0408935546875,180
-8.39630126953125,127.3040771484375,285
-8.40179443359375,127.3040771484375,268
-8.77532958984375,125.0408935546875,262
-8.75885009765625,125.0079345703125,29
-8.76983642578125,125.0299072265625,223
-8.76434326171875,125.0079345703125,108
-8.39630126953125,127.3150634765625,100
-8.40179443359375,127.3150634765625,789
-8.39080810546875,127.3150634765625,0
-8.40728759765625,127.3260498046875,53
-8.41278076171875,127.3370361328125,59
-8.39630126953125,127.3260498046875,1
-8.40179443359375,127.3260498046875,22
-8.77532958984375,125.0189208984375,181
-8.41278076171875,127.3150634765625,162
-8.76983642578125,125.0079345703125,74
-8.41827392578125,127.3480224609375,0
-8.42376708984375,127.3480224609375,36
-8.76434326171875,124.9859619140625,39
-8.76983642578125,125.0189208984375,182
-8.41827392578125,127.3370361328125,40
-8.78631591796875,125.0189208984375,167
-8.41278076171875,127.3260498046875,110
-8.77532958984375,125.0079345703125,8
-8.40728759765625,127.3150634765625,3294
-8.78082275390625,125.0189208984375,238
-8.15460205078125,125.6011962890625,317
-8.16009521484375,125.6011962890625,0
-8.47869873046875,126.2274169921875,15
-8.96759033203125,126.4361572265625,125
-8.98406982421875,126.4581298828125,168
-8.96759033203125,126.4471435546875,39
-8.97857666015625,126.4471435546875,1
-8.97308349609375,126.4361572265625,17
-8.57208251953125,127.1282958984375,258
-8.57208251953125,127.1173095703125,71
-8.15460205078125,125.6561279296875,542
-8.57757568359375,127.1282958984375,115
-8.16009521484375,125.6561279296875,223
-8.15460205078125,125.6451416015625,779
-8.57757568359375,127.1173095703125,23
-8.16009521484375,125.6451416015625,899
-8.58306884765625,127.1173095703125,257
-8.16558837890625,125.6561279296875,105
-8.47869873046875,126.2384033203125,11
-8.17108154296875,125.6561279296875,4
-8.16558837890625,125.6451416015625,620
-8.58856201171875,127.1173095703125,42
-8.17108154296875,125.6451416015625,1105
-8.57757568359375,127.1063232421875,13
-9.32464599609375,124.0960693359375,2
-9.31915283203125,124.0960693359375,258
-8.58306884765625,127.1063232421875,0
-8.13812255859375,125.6341552734375,428
-8.13262939453125,125.6231689453125,133
-8.12713623046875,125.6231689453125,302
-8.13262939453125,125.6121826171875,37
-8.56658935546875,127.1173095703125,36
-8.34136962890625,127.0513916015625,345
-8.34686279296875,127.0623779296875,310
-8.34686279296875,127.0513916015625,384
-8.34136962890625,127.0623779296875,9
-8.32489013671875,127.0074462890625,786
-8.14910888671875,125.6011962890625,74
-8.33587646484375,127.0404052734375,273
-8.31939697265625,127.0184326171875,39
-8.31939697265625,127.0074462890625,10
-8.32489013671875,127.0184326171875,728
-8.13812255859375,125.6121826171875,67
-8.33587646484375,127.0294189453125,630
-8.33038330078125,127.0294189453125,166
-8.34136962890625,127.0404052734375,469
-8.34136962890625,127.0294189453125,125
-8.33587646484375,127.0184326171875,0
-8.33038330078125,127.0184326171875,94
-8.12164306640625,125.6341552734375,835
-8.12713623046875,125.6341552734375,1726
-8.56109619140625,127.1282958984375,34
-8.33038330078125,127.0074462890625,65
-8.56658935546875,127.1282958984375,66
-8.14361572265625,125.6451416015625,2525
-8.14910888671875,125.6451416015625,1573
-8.13262939453125,125.6561279296875,38
-8.11614990234375,125.6451416015625,1
-8.13812255859375,125.6561279296875,123
-8.13262939453125,125.6451416015625,3704
-8.12713623046875,125.6561279296875,27
-8.12164306640625,125.6451416015625,119
-8.12713623046875,125.6451416015625,3796
-8.13812255859375,125.6451416015625,3498
-8.57208251953125,127.1392822265625,117
-8.14361572265625,125.6561279296875,177
-8.14910888671875,125.6561279296875,75
-9.15985107421875,125.7879638671875,134
-9.16534423828125,125.7989501953125,0
-9.15985107421875,125.7769775390625,25
-8.93463134765625,124.9530029296875,3
-8.93463134765625,124.9420166015625,0
-8.93463134765625,124.9749755859375,52
-8.81378173828125,125.0738525390625,11
-8.91815185546875,124.9749755859375,0
-8.26446533203125,125.5023193359375,1770
-9.15435791015625,125.8209228515625,17
-8.80279541015625,125.0738525390625,1
-8.26995849609375,125.5023193359375,589
-8.26446533203125,125.4913330078125,16
-8.26995849609375,125.4913330078125,2
-8.80828857421875,125.0848388671875,8
-8.27545166015625,125.5023193359375,80
-8.28094482421875,125.5023193359375,4
-9.15985107421875,125.8209228515625,58
-8.80828857421875,125.0738525390625,5
-9.15985107421875,125.7989501953125,213
-9.15435791015625,125.7989501953125,248
-9.23126220703125,125.6561279296875,6
-9.15435791015625,125.7879638671875,162
-9.15985107421875,125.8099365234375,310
-9.20928955078125,125.5682373046875,0
-9.15985107421875,125.8428955078125,161
-8.79730224609375,125.0848388671875,38
-8.88519287109375,124.9530029296875,32
-8.79730224609375,125.0738525390625,12
-8.80279541015625,125.0848388671875,37
-8.79180908203125,125.0738525390625,21
-8.88519287109375,124.9639892578125,1
-8.79730224609375,125.0958251953125,8
-8.59954833984375,127.1063232421875,36
-8.59405517578125,127.1063232421875,125
-8.98406982421875,126.4471435546875,13
-8.97857666015625,126.4361572265625,509
-9.19830322265625,125.5792236328125,7
-8.60504150390625,127.1063232421875,58
-8.96759033203125,126.4251708984375,19
-8.60504150390625,127.0953369140625,30
-8.97308349609375,126.4251708984375,2
-9.29168701171875,125.3155517578125,1
-9.19281005859375,125.5792236328125,1
-8.97857666015625,126.4251708984375,385
-8.83575439453125,125.0079345703125,167
-8.82476806640625,125.0079345703125,103
-8.84124755859375,125.0079345703125,152
-8.83575439453125,125.0189208984375,214
-8.84124755859375,125.0189208984375,510
-8.85223388671875,124.9969482421875,242
-8.84124755859375,124.9859619140625,14
-8.84674072265625,124.9969482421875,29
-8.85223388671875,124.9859619140625,31
-8.84674072265625,124.9859619140625,89
-9.17083740234375,125.7440185546875,1325
-8.81927490234375,124.9969482421875,24
-8.84674072265625,125.0079345703125,424
-8.85223388671875,125.0079345703125,341
-8.81378173828125,124.9859619140625,61
-9.16534423828125,125.7440185546875,286
-8.83026123046875,125.0079345703125,114
-8.84674072265625,125.0189208984375,965
-8.85223388671875,125.0189208984375,660
-9.17633056640625,125.7550048828125,629
-8.81378173828125,124.9969482421875,11
-8.83026123046875,124.9969482421875,56
-8.83575439453125,124.9969482421875,26
-8.81927490234375,124.9859619140625,26
-9.17083740234375,125.7330322265625,12
-8.84124755859375,124.9969482421875,23
-8.82476806640625,124.9969482421875,13
-9.16534423828125,125.7330322265625,1
-9.17083740234375,125.7659912109375,170
-8.81927490234375,125.0189208984375,147
-9.16534423828125,125.7659912109375,19
-8.81378173828125,125.0079345703125,78
-8.80828857421875,124.9859619140625,23
-8.81378173828125,125.0189208984375,35
-8.83026123046875,125.0189208984375,55
-9.17633056640625,125.7659912109375,14
-9.17083740234375,125.7550048828125,276
-8.81927490234375,125.0079345703125,27
-9.16534423828125,125.7550048828125,58
-8.82476806640625,125.0189208984375,236
-8.82476806640625,125.0299072265625,118
-8.84124755859375,125.0299072265625,963
-8.83026123046875,125.0299072265625,434
-8.81378173828125,125.0408935546875,26
-8.81927490234375,125.0408935546875,32
-8.82476806640625,125.0518798828125,262
-8.83026123046875,125.0518798828125,4
-8.82476806640625,125.0408935546875,112
-8.83026123046875,125.0408935546875,547
-8.83575439453125,125.0299072265625,1001
-8.81378173828125,125.0299072265625,95
-9.23675537109375,125.5682373046875,1
-9.31365966796875,125.2166748046875,1
-8.81927490234375,125.0299072265625,119
-8.79180908203125,125.0189208984375,144
-8.79730224609375,125.0189208984375,57
-8.81378173828125,125.0628662109375,9
-8.31390380859375,125.5792236328125,123
-8.80828857421875,125.0299072265625,29
-8.30841064453125,125.5682373046875,1483
-8.31390380859375,125.5682373046875,7
-8.30841064453125,125.5572509765625,243
-8.79730224609375,124.9859619140625,17
-8.80279541015625,124.9969482421875,37
-8.79180908203125,124.9859619140625,26
-8.80279541015625,124.9859619140625,30
-8.80828857421875,124.9969482421875,107
-8.80279541015625,125.0189208984375,27
-8.95111083984375,124.9530029296875,9
-8.80828857421875,125.0189208984375,14
-8.79180908203125,125.0079345703125,141
-8.79730224609375,125.0079345703125,191
-8.94561767578125,124.9530029296875,11
-8.33587646484375,125.5792236328125,1
-8.79180908203125,124.9969482421875,65
-8.79730224609375,124.9969482421875,16
-9.15985107421875,125.7550048828125,0
-8.80279541015625,125.0079345703125,9
-8.80828857421875,125.0079345703125,30
-8.79180908203125,125.0628662109375,46
-8.79730224609375,125.0299072265625,37
-8.79730224609375,125.0408935546875,256
-8.79180908203125,125.0299072265625,99
-8.80828857421875,125.0408935546875,107
-8.80279541015625,125.0299072265625,42
-8.30841064453125,125.5902099609375,107
-8.80279541015625,125.0408935546875,182
-8.30841064453125,125.5792236328125,2967
-8.79730224609375,125.0518798828125,29
-8.80279541015625,125.0628662109375,104
-8.79730224609375,125.0628662109375,28
-8.79180908203125,125.0518798828125,145
-9.16534423828125,125.7769775390625,1197
-8.80828857421875,125.0518798828125,36
-8.79180908203125,125.0408935546875,113
-8.80828857421875,125.0628662109375,32
-8.80279541015625,125.0518798828125,53
-8.68743896484375,126.9744873046875,154
-8.68194580078125,126.9744873046875,1
-9.22027587890625,125.7000732421875,1
-8.68743896484375,126.9854736328125,172
-9.21478271484375,125.6890869140625,26
-8.68194580078125,126.9854736328125,38
-9.20928955078125,125.6890869140625,38
-9.22027587890625,125.6890869140625,21
-8.87420654296875,125.0079345703125,16
-8.85772705078125,124.9969482421875,333
-8.86871337890625,125.0079345703125,178
-8.86322021484375,124.9859619140625,59
-8.86871337890625,124.9969482421875,711
-8.86322021484375,124.9969482421875,248
-8.85772705078125,124.9859619140625,20
-8.87420654296875,124.9859619140625,20
-8.87420654296875,124.9969482421875,238
-8.86871337890625,124.9859619140625,78
-9.18731689453125,125.7110595703125,257
-8.86322021484375,125.0079345703125,516
-8.85772705078125,125.0079345703125,889
-9.20379638671875,125.7000732421875,2
-9.20379638671875,125.6890869140625,263
-9.19830322265625,125.6890869140625,3
-9.18182373046875,125.7110595703125,13
-8.44024658203125,127.3150634765625,412
-9.29168701171875,125.3594970703125,242
-9.28619384765625,125.3594970703125,62
-8.44573974609375,127.3150634765625,963
-9.29168701171875,125.3704833984375,301
-8.45123291015625,127.3260498046875,107
-8.87969970703125,124.9859619140625,18
-8.87969970703125,124.9969482421875,529
-8.45123291015625,127.3150634765625,728
-8.03375244140625,125.6781005859375,13
-8.88519287109375,124.9969482421875,363
-8.44573974609375,127.3370361328125,11
-9.28619384765625,125.3704833984375,71
-8.87969970703125,125.0079345703125,10
-8.44573974609375,127.3260498046875,87
-8.71490478515625,126.9964599609375,116
-9.30267333984375,125.3594970703125,215
-8.71490478515625,126.9854736328125,10
-9.29718017578125,125.3594970703125,246
-8.70391845703125,126.9744873046875,40
-8.44024658203125,127.3040771484375,1041
-8.72039794921875,126.9854736328125,102
-8.44573974609375,127.3040771484375,321
-8.44024658203125,127.2930908203125,364
-8.89617919921875,124.9969482421875,361
-8.88519287109375,124.9859619140625,2
-8.89068603515625,124.9969482421875,359
-8.89617919921875,124.9859619140625,18
-9.29718017578125,125.3704833984375,72
-8.89068603515625,124.9859619140625,18
-8.70391845703125,126.9854736328125,13
-8.69842529296875,126.9744873046875,31
-8.79180908203125,124.9420166015625,3
-8.55010986328125,125.3265380859375,27
-8.55560302734375,125.3265380859375,27
-8.56109619140625,125.3265380859375,28
-8.80828857421875,124.9530029296875,15
-8.55010986328125,125.3155517578125,70
-8.55560302734375,125.3155517578125,81
-8.79730224609375,124.9639892578125,6
-8.79180908203125,124.9749755859375,2
-8.53363037109375,125.3045654296875,147
-8.79730224609375,124.9749755859375,30
-8.52813720703125,125.2935791015625,31
-8.80279541015625,124.9639892578125,0
-8.54461669921875,125.3045654296875,30
-8.80828857421875,124.9639892578125,4
-8.53912353515625,125.2935791015625,6
-8.53912353515625,125.3045654296875,37
-8.80828857421875,124.9749755859375,31
-8.53912353515625,125.2825927734375,1
-8.52813720703125,125.2716064453125,2
-8.53363037109375,125.2716064453125,3
-8.79180908203125,124.9310302734375,32
-8.54461669921875,125.2716064453125,0
-8.81378173828125,124.9749755859375,68
-8.81927490234375,124.9639892578125,107
-8.52813720703125,125.2825927734375,31
-8.82476806640625,124.9749755859375,56
-8.53363037109375,125.2825927734375,15
-8.81927490234375,124.9749755859375,70
-8.81378173828125,124.9639892578125,41
-8.92364501953125,124.9859619140625,37
-8.46221923828125,127.2711181640625,293
-8.53363037109375,125.3155517578125,147
-8.53912353515625,125.3265380859375,117
-8.52813720703125,125.3155517578125,92
-8.54461669921875,125.3155517578125,122
-8.52813720703125,125.3045654296875,105
-8.54461669921875,125.3265380859375,15
-8.53912353515625,125.3155517578125,96
-8.52813720703125,125.3265380859375,31
-8.90716552734375,124.9859619140625,97
-9.30816650390625,125.3485107421875,129
-8.90716552734375,124.9969482421875,0
-8.90167236328125,124.9859619140625,112
-8.91815185546875,124.9859619140625,38
-9.31365966796875,125.3375244140625,12
-9.30816650390625,125.3375244140625,1
-8.91265869140625,124.9859619140625,152
-9.30267333984375,125.3485107421875,31
-8.90167236328125,124.9969482421875,67
-8.44573974609375,127.2711181640625,358
-8.45123291015625,127.2821044921875,2
-8.45672607421875,127.2821044921875,44
-8.45123291015625,127.2711181640625,210
-8.45672607421875,127.2711181640625,179
-8.44573974609375,127.2930908203125,29
-8.71490478515625,126.9744873046875,0
-8.44024658203125,127.2821044921875,347
-8.72039794921875,126.9744873046875,71
-8.44573974609375,127.2821044921875,314
-8.78631591796875,127.0294189453125,1
-9.24774169921875,125.7000732421875,1
-9.26971435546875,125.7330322265625,6
-8.47869873046875,125.3704833984375,4
-8.45123291015625,125.3485107421875,6
-8.87420654296875,124.9639892578125,11
-8.52264404296875,125.5572509765625,402
-9.18731689453125,125.6011962890625,1
-8.45672607421875,125.3485107421875,4
-8.52813720703125,125.6011962890625,594
-8.52264404296875,125.5242919921875,73
-9.22027587890625,125.6671142578125,68
-8.52264404296875,125.5462646484375,14
-9.19830322265625,125.6451416015625,70
-9.20379638671875,125.6561279296875,791
-9.20379638671875,125.6781005859375,90
-9.20379638671875,125.6671142578125,153
-9.15985107421875,124.4696044921875,20
-8.51165771484375,125.5682373046875,29
-8.45123291015625,125.3594970703125,8
-8.51715087890625,125.5792236328125,333
-8.52264404296875,125.5792236328125,154
-8.51715087890625,125.5682373046875,785
-8.52264404296875,125.5682373046875,389
-8.00628662109375,125.7769775390625,0
-8.86871337890625,124.9639892578125,2
-8.45672607421875,125.3594970703125,8
-9.20928955078125,125.6671142578125,589
-9.21478271484375,125.6781005859375,226
-9.20928955078125,125.6781005859375,469
-9.20379638671875,125.6451416015625,129
-9.22576904296875,125.6781005859375,2
-9.22027587890625,125.6781005859375,224
-9.21478271484375,125.6671142578125,467
-8.83026123046875,124.9420166015625,0
-8.84124755859375,124.9420166015625,1
-8.59405517578125,125.3155517578125,1
-8.51165771484375,125.5902099609375,5
-8.84674072265625,124.9530029296875,0
-8.83026123046875,124.9530029296875,72
-8.83575439453125,124.9420166015625,0
-8.51715087890625,125.5902099609375,528
-8.52264404296875,125.5902099609375,306
-8.51165771484375,125.5792236328125,27
-8.85223388671875,124.9530029296875,0
-8.83026123046875,124.9639892578125,2
-8.81378173828125,124.9530029296875,61
-8.85223388671875,124.9749755859375,9
-8.56109619140625,125.2935791015625,9
-8.82476806640625,124.9639892578125,11
-8.84124755859375,124.9639892578125,1
-8.57757568359375,125.2935791015625,23
-8.83575439453125,124.9530029296875,20
-8.82476806640625,124.9530029296875,16
-8.84124755859375,124.9530029296875,2
-8.81927490234375,124.9530029296875,20
-8.81378173828125,124.9420166015625,20
-8.85223388671875,124.9639892578125,36
-8.52264404296875,125.4913330078125,10
-8.58306884765625,125.2716064453125,9
-8.55560302734375,125.2606201171875,43
-8.55010986328125,125.2496337890625,14
-8.56658935546875,125.2716064453125,6
-8.55010986328125,125.2606201171875,3
-8.56658935546875,125.2606201171875,8
-8.55560302734375,125.2496337890625,11
-8.57208251953125,125.2606201171875,2
-8.56109619140625,125.2606201171875,3
-8.86322021484375,124.9749755859375,73
-8.85772705078125,124.9639892578125,19
-8.85772705078125,124.9749755859375,71
-8.87420654296875,124.9749755859375,1
-8.57208251953125,125.2716064453125,27
-8.57757568359375,125.2716064453125,6
-8.56109619140625,125.2716064453125,36
-8.86871337890625,124.9749755859375,21
-8.57757568359375,125.2825927734375,8
-8.55010986328125,125.2825927734375,1
-8.56658935546875,125.2825927734375,19
-8.55560302734375,125.2716064453125,9
-8.52813720703125,125.2496337890625,9
-8.54461669921875,125.2606201171875,22
-8.55010986328125,125.3045654296875,4
-8.55560302734375,125.3045654296875,36
-8.56109619140625,125.3155517578125,139
-8.56658935546875,125.3155517578125,48
-8.57757568359375,125.3045654296875,3
-8.56109619140625,125.3045654296875,15
-8.57208251953125,125.2935791015625,1
-8.56658935546875,125.3045654296875,8
-8.55010986328125,125.2935791015625,11
-8.57208251953125,125.3045654296875,25
-8.57208251953125,125.3155517578125,1
-8.57208251953125,125.3265380859375,50
-9.39056396484375,125.2386474609375,373
-9.38507080078125,125.2386474609375,662
-9.40155029296875,125.2386474609375,69
-8.28643798828125,125.6011962890625,659
-9.39605712890625,125.2386474609375,175
-8.54461669921875,125.5572509765625,230
-8.54461669921875,125.5682373046875,7
-8.53912353515625,125.5572509765625,387
-8.52813720703125,125.5133056640625,267
-8.52813720703125,125.5242919921875,614
-8.55560302734375,125.4693603515625,46
-8.53363037109375,125.5242919921875,124
-8.53363037109375,125.5133056640625,921
-8.53912353515625,125.5242919921875,91
-8.29193115234375,125.6011962890625,70
-8.52813720703125,125.5352783203125,87
-8.53363037109375,125.5352783203125,153
-8.52813720703125,125.5462646484375,1361
-8.53363037109375,125.5462646484375,1038
-8.29742431640625,125.6011962890625,26
-8.53912353515625,125.5352783203125,0
-8.55010986328125,125.4693603515625,67
-8.53912353515625,125.5462646484375,61
-8.55010986328125,125.4803466796875,1
-8.54461669921875,125.5462646484375,0
-8.53912353515625,125.4693603515625,39
-8.54461669921875,125.4803466796875,85
-8.55560302734375,125.5023193359375,27
-8.55010986328125,125.4913330078125,12
-9.31915283203125,124.1070556640625,27
-8.55010986328125,125.5023193359375,133
-8.53363037109375,125.5682373046875,878
-8.51715087890625,125.3485107421875,88
-8.52813720703125,125.5572509765625,889
-9.37957763671875,125.2386474609375,569
-8.52264404296875,125.3485107421875,45
-8.54461669921875,125.5792236328125,394
-8.50616455078125,125.3375244140625,68
-8.52813720703125,125.5682373046875,860
-8.51165771484375,125.3375244140625,119
-8.53912353515625,125.5682373046875,871
-8.51715087890625,125.3375244140625,253
-8.53363037109375,125.5572509765625,1148
-8.52264404296875,125.3375244140625,151
-8.53363037109375,125.5902099609375,783
-8.52813720703125,125.5792236328125,453
-8.52813720703125,125.5902099609375,522
-8.54461669921875,125.5902099609375,102
-9.36309814453125,125.2276611328125,1
-8.50616455078125,125.3485107421875,34
-8.53912353515625,125.5792236328125,1162
-8.51165771484375,125.3485107421875,24
-8.53363037109375,125.5792236328125,2242
-8.51715087890625,125.3594970703125,31
-8.53912353515625,125.5902099609375,1334
-8.00079345703125,125.7330322265625,0
-8.52264404296875,125.3594970703125,9
-8.51715087890625,125.3704833984375,92
-8.52264404296875,125.3704833984375,25
-8.50616455078125,125.3594970703125,17
-8.50067138671875,125.3485107421875,12
-8.49517822265625,125.3375244140625,1
-8.50616455078125,125.3704833984375,4
-8.51165771484375,125.3704833984375,1
-8.50067138671875,125.3375244140625,47
-8.52813720703125,125.4803466796875,13
-8.53363037109375,125.4803466796875,189
-8.28094482421875,125.6121826171875,3
-8.53912353515625,125.4913330078125,699
-8.27545166015625,125.6011962890625,600
-8.54461669921875,125.4913330078125,569
-8.28094482421875,125.6011962890625,5453
-8.53912353515625,125.4803466796875,1126
-8.52813720703125,125.5023193359375,52
-8.53363037109375,125.5023193359375,360
-8.26446533203125,125.6121826171875,173
-8.26995849609375,125.6121826171875,138
-8.53912353515625,125.5023193359375,49
-8.54461669921875,125.5023193359375,1146
-8.52813720703125,125.4913330078125,117
-8.26995849609375,125.6011962890625,173
-8.53363037109375,125.4913330078125,315
-8.27545166015625,125.6121826171875,148
-9.16534423828125,124.4696044921875,4
-9.20928955078125,125.6451416015625,168
-9.21478271484375,125.6561279296875,604
-8.53363037109375,125.6011962890625,86
-9.20928955078125,125.6561279296875,1559
-9.22576904296875,125.6671142578125,23
-9.22576904296875,125.6561279296875,56
-8.53912353515625,125.6011962890625,55
-9.22027587890625,125.6561279296875,290
-9.21478271484375,125.6451416015625,76
-8.50067138671875,125.3594970703125,1
-8.46771240234375,125.3375244140625,26
-8.47320556640625,125.3375244140625,1
-8.48968505859375,125.3375244140625,2
-8.48968505859375,125.3485107421875,15
-8.48419189453125,125.3375244140625,16
-9.17083740234375,124.4586181640625,156
-8.48419189453125,125.3704833984375,21
-9.16534423828125,124.4586181640625,110
-9.17083740234375,124.4696044921875,163
-8.47320556640625,125.3594970703125,1
-8.47869873046875,125.3594970703125,7
-8.49517822265625,125.3704833984375,4
-8.48968505859375,125.3704833984375,7
-8.48419189453125,125.3594970703125,12
-8.30291748046875,125.5352783203125,78
-8.28643798828125,125.5242919921875,12
-8.29193115234375,125.5242919921875,277
-8.28643798828125,125.5133056640625,253
-8.29742431640625,125.5242919921875,108
-8.06671142578125,125.7330322265625,24
-8.55560302734375,125.4034423828125,144
-9.46197509765625,125.2935791015625,1
-8.55560302734375,125.4144287109375,3
-8.56109619140625,125.4144287109375,95
-8.29742431640625,125.5352783203125,945
-9.44000244140625,125.2496337890625,38
-9.44549560546875,125.2606201171875,110
-9.45098876953125,125.2496337890625,56
-8.84674072265625,126.5460205078125,19
-9.44000244140625,125.2606201171875,100
-9.45648193359375,125.2606201171875,50
-8.85223388671875,126.5460205078125,0
-9.45098876953125,125.2606201171875,76
-9.43450927734375,125.2496337890625,274
-9.33013916015625,125.3924560546875,107
-9.46197509765625,125.2606201171875,33
-9.44549560546875,125.2496337890625,19
-9.45648193359375,125.2496337890625,2
-8.83575439453125,126.5570068359375,16
-8.07220458984375,125.7330322265625,13
-9.42901611328125,125.2496337890625,168
-9.43450927734375,125.2606201171875,162
-9.42901611328125,125.2606201171875,251
-8.67095947265625,127.0513916015625,9
-8.30291748046875,125.5792236328125,34
-9.43450927734375,125.2716064453125,20
-8.03375244140625,125.7110595703125,9
-8.83026123046875,126.5570068359375,16
-9.41802978515625,125.2496337890625,299
-9.42352294921875,125.2606201171875,334
-9.42901611328125,125.2716064453125,65
-9.42901611328125,125.2825927734375,0
-9.42352294921875,125.2496337890625,143
-9.42901611328125,125.2935791015625,144
-8.30291748046875,125.5572509765625,81
-9.42901611328125,125.3045654296875,50
-8.04473876953125,125.7550048828125,11
-8.27545166015625,125.5352783203125,1
-9.41802978515625,125.2935791015625,185
-9.42352294921875,125.3045654296875,137
-8.03375244140625,125.7220458984375,22
-8.03924560546875,125.7220458984375,36
-9.41802978515625,125.3045654296875,139
-8.28094482421875,125.5133056640625,108
-9.41253662109375,125.2606201171875,236
-9.40704345703125,125.2606201171875,550
-8.06121826171875,125.7440185546875,18
-9.42352294921875,125.2716064453125,190
-8.05572509765625,125.7330322265625,70
-9.39056396484375,125.1727294921875,1
-9.41802978515625,125.2716064453125,374
-9.41802978515625,125.2606201171875,453
-8.06121826171875,125.7330322265625,107
-9.41253662109375,125.2496337890625,866
-8.29742431640625,125.5462646484375,98
-8.30291748046875,125.5462646484375,49
-9.40704345703125,125.2496337890625,260
-9.41253662109375,125.2825927734375,243
-9.40704345703125,125.2825927734375,1193
-9.42352294921875,125.2825927734375,7
-9.41802978515625,125.2825927734375,133
-9.41253662109375,125.2716064453125,478
-8.27545166015625,125.5133056640625,16
-9.40704345703125,125.2716064453125,509
-8.55010986328125,125.5133056640625,24
-8.54461669921875,125.5133056640625,264
-8.53912353515625,125.5133056640625,636
-9.40704345703125,125.3045654296875,467
-9.41802978515625,125.3155517578125,115
-8.29193115234375,125.5902099609375,108
-9.41253662109375,125.2935791015625,197
-8.29742431640625,125.5902099609375,887
-9.40704345703125,125.2935791015625,404
-8.30291748046875,125.5902099609375,2695
-9.41253662109375,125.3045654296875,138
-9.40704345703125,125.3265380859375,46
-8.55010986328125,125.5572509765625,9
-9.41802978515625,125.3265380859375,19
-9.39605712890625,125.2276611328125,109
-8.55010986328125,125.5682373046875,21
-9.40704345703125,125.3155517578125,68
-9.41253662109375,125.3265380859375,97
-8.57208251953125,125.3594970703125,8
-8.57757568359375,125.3594970703125,96
-8.89068603515625,126.5679931640625,24
-8.57208251953125,125.3704833984375,55
-9.39056396484375,125.3704833984375,33
-9.38507080078125,125.3704833984375,95
-9.37957763671875,125.3375244140625,61
-8.87969970703125,126.5789794921875,17
-9.47296142578125,125.2386474609375,27
-8.87969970703125,126.5679931640625,551
-8.88519287109375,126.5679931640625,576
-8.57208251953125,125.3375244140625,5
-9.39056396484375,125.3814697265625,99
-9.38507080078125,125.3814697265625,17
-9.36309814453125,125.3704833984375,5
-8.55010986328125,125.3485107421875,55
-9.45098876953125,125.2276611328125,24
-8.55560302734375,125.3485107421875,74
-9.45648193359375,125.2386474609375,59
-9.45098876953125,125.2386474609375,15
-9.36859130859375,125.3375244140625,13
-9.37408447265625,125.3375244140625,77
-9.46746826171875,125.2166748046875,17
-9.37408447265625,125.3704833984375,43
-9.35760498046875,125.3594970703125,122
-8.56109619140625,125.3485107421875,36
-9.46197509765625,125.2276611328125,50
-9.35211181640625,125.3594970703125,147
-9.36859130859375,125.3594970703125,0
-8.56658935546875,125.3485107421875,3
-9.36309814453125,125.3594970703125,21
-8.55010986328125,125.3375244140625,44
-9.46197509765625,125.2386474609375,17
-9.44549560546875,125.2276611328125,47
-9.36859130859375,125.3704833984375,79
-8.55560302734375,125.3375244140625,16
-9.34661865234375,125.3375244140625,252
-9.37957763671875,125.3594970703125,0
-9.34112548828125,125.3375244140625,275
-9.37408447265625,125.3594970703125,0
-8.56109619140625,125.3375244140625,64
-9.34661865234375,125.3485107421875,340
-9.37957763671875,125.3704833984375,108
-9.34112548828125,125.3485107421875,23
-8.56658935546875,125.3375244140625,13
-9.46746826171875,125.2276611328125,29
-8.62701416015625,125.2825927734375,1
-9.33563232421875,125.3375244140625,476
-8.56109619140625,125.3704833984375,16
-9.43450927734375,125.2386474609375,36
-9.33013916015625,125.3375244140625,70
-8.55010986328125,125.3594970703125,20
-9.44549560546875,125.2386474609375,80
-9.34112548828125,125.3594970703125,60
-9.44000244140625,125.2386474609375,198
-9.43450927734375,125.2276611328125,1
-9.34112548828125,125.3704833984375,63
-8.86322021484375,126.5350341796875,7
-8.87420654296875,126.5460205078125,15
-9.47296142578125,125.2496337890625,27
-8.85772705078125,126.5350341796875,5
-8.62152099609375,125.3265380859375,1
-9.40704345703125,125.2386474609375,355
-8.53363037109375,125.3594970703125,72
-8.56109619140625,125.4034423828125,18
-8.53912353515625,125.3704833984375,0
-8.53363037109375,125.3704833984375,2
-8.52813720703125,125.3594970703125,18
-9.46746826171875,125.2496337890625,63
-9.33563232421875,125.3924560546875,9
-9.46197509765625,125.2496337890625,44
-9.31915283203125,125.3375244140625,70
-8.54461669921875,125.3485107421875,150
-9.32464599609375,125.3485107421875,247
-8.53912353515625,125.3375244140625,130
-8.53912353515625,125.3485107421875,143
-9.31915283203125,125.3485107421875,106
-8.55010986328125,125.3704833984375,31
-9.33013916015625,125.3485107421875,118
-8.55560302734375,125.3704833984375,26
-8.54461669921875,125.3375244140625,79
-9.41802978515625,125.2386474609375,189
-8.54461669921875,125.3594970703125,23
-9.41253662109375,125.2276611328125,103
-8.52813720703125,125.3485107421875,75
-8.54461669921875,125.3704833984375,2
-9.41253662109375,125.2386474609375,491
-8.53912353515625,125.3594970703125,93
-8.56658935546875,125.3814697265625,143
-8.53363037109375,125.3375244140625,55
-9.41802978515625,125.2276611328125,65
-8.53363037109375,125.3485107421875,175
-9.47296142578125,125.3045654296875,1
-9.32464599609375,125.3594970703125,149
-9.42352294921875,125.2386474609375,50
-8.52813720703125,125.3375244140625,152
-8.49517822265625,125.2825927734375,10
-8.91815185546875,126.5460205078125,372
-8.90167236328125,126.5350341796875,417
-8.92364501953125,126.5460205078125,62
-8.91265869140625,126.5460205078125,15
-8.91265869140625,126.5130615234375,2102
-8.91815185546875,126.5130615234375,1390
-9.24774169921875,124.1949462890625,16
-9.19281005859375,124.3707275390625,44
-8.93463134765625,126.5240478515625,100
-8.51715087890625,125.2825927734375,9
-9.18731689453125,124.3707275390625,17
-8.51165771484375,125.2825927734375,0
-9.19281005859375,124.3817138671875,26
-8.94012451171875,126.5350341796875,49
-9.19830322265625,124.3707275390625,176
-8.72039794921875,124.9420166015625,55
-8.94012451171875,126.5240478515625,87
-8.72039794921875,124.9530029296875,7
-8.52264404296875,125.2825927734375,15
-8.90716552734375,126.5240478515625,5026
-9.18182373046875,124.3927001953125,81
-8.92364501953125,126.5350341796875,43
-8.91265869140625,126.5350341796875,246
-8.92913818359375,126.5350341796875,10
-8.90716552734375,126.5350341796875,582
-9.18731689453125,124.3927001953125,43
-8.90167236328125,126.5240478515625,3481
-8.91815185546875,126.5240478515625,717
-9.18731689453125,124.3817138671875,90
-8.92913818359375,126.5240478515625,92
-8.92364501953125,126.5240478515625,30
-8.91815185546875,126.5350341796875,29
-8.91265869140625,126.5240478515625,3588
-8.50067138671875,125.3265380859375,75
-8.49517822265625,125.3155517578125,47
-9.18182373046875,124.4036865234375,147
-8.48968505859375,125.3155517578125,31
-9.17633056640625,124.4036865234375,328
-8.49517822265625,125.3265380859375,40
-8.47869873046875,125.3155517578125,11
-9.23675537109375,124.2279052734375,665
-8.48968505859375,125.3045654296875,20
-8.89068603515625,126.5130615234375,166
-8.35235595703125,127.0513916015625,119
-9.23126220703125,124.2279052734375,10
-8.48419189453125,125.2935791015625,5
-8.36334228515625,127.0623779296875,13
-8.50067138671875,125.3155517578125,36
-8.48419189453125,125.3045654296875,35
-8.90716552734375,126.5460205078125,43
-8.90167236328125,126.5460205078125,4
-8.48968505859375,125.3265380859375,18
-8.48419189453125,125.3155517578125,29
-9.17083740234375,124.4036865234375,64
-9.24224853515625,124.2059326171875,698
-8.50616455078125,125.3155517578125,31
-9.17633056640625,124.4146728515625,2
-9.23675537109375,124.1949462890625,83
-8.51165771484375,125.3155517578125,99
-8.35784912109375,127.0843505859375,155
-8.50616455078125,125.3265380859375,91
-9.17083740234375,124.4146728515625,241
-8.51165771484375,125.3265380859375,83
-9.23126220703125,124.1949462890625,1
-8.90167236328125,126.5130615234375,185
-8.90716552734375,126.5130615234375,471
-9.24224853515625,124.1949462890625,18
-9.24774169921875,124.2059326171875,0
-8.51715087890625,125.3265380859375,274
-8.52264404296875,125.3265380859375,50
-8.49517822265625,125.3045654296875,7
-8.36334228515625,127.0733642578125,193
-8.89617919921875,126.5130615234375,226
-8.35784912109375,127.0623779296875,6458
-9.23675537109375,124.2169189453125,165
-8.35235595703125,127.0623779296875,182
-8.48968505859375,125.2935791015625,25
-8.35784912109375,127.0733642578125,26
-9.23675537109375,124.2059326171875,25
-9.16534423828125,124.4146728515625,65
-9.17083740234375,124.4256591796875,31
-9.16534423828125,124.4256591796875,445
-8.36883544921875,127.0843505859375,16
-9.24774169921875,124.2169189453125,11
-8.50067138671875,125.3045654296875,13
-9.24224853515625,124.2169189453125,1395
-8.36334228515625,127.0843505859375,509
-8.49517822265625,125.2935791015625,4
-8.87969970703125,126.5460205078125,135
-8.88519287109375,126.5460205078125,85
-8.90167236328125,126.5679931640625,15
-9.16534423828125,124.4366455078125,101
-9.16534423828125,124.4476318359375,359
-9.23675537109375,124.2388916015625,230
-8.48968505859375,126.2164306640625,229
-8.89617919921875,126.5350341796875,392
-8.49517822265625,126.2274169921875,101
-8.88519287109375,126.5240478515625,115
-9.23126220703125,124.2388916015625,5
-8.89068603515625,126.5350341796875,366
-9.23675537109375,124.2498779296875,62
-8.89617919921875,126.5240478515625,1052
-8.49517822265625,126.2164306640625,94
-8.90167236328125,126.5570068359375,151
-8.89068603515625,126.5240478515625,1424
-8.50067138671875,126.2274169921875,29
-8.89068603515625,126.5460205078125,302
-9.23675537109375,124.2608642578125,60
-8.89617919921875,126.5460205078125,55
-9.23126220703125,124.2608642578125,339
-8.48419189453125,126.2384033203125,2
-8.89617919921875,126.5570068359375,62
-8.48968505859375,126.2384033203125,19
-8.87969970703125,126.5240478515625,15
-8.48419189453125,126.2274169921875,122
-9.23126220703125,124.2498779296875,158
-8.48968505859375,126.2274169921875,263
-8.49517822265625,126.2384033203125,153
-8.87969970703125,126.5350341796875,8
-8.88519287109375,126.5350341796875,138
-8.32489013671875,126.9744873046875,59
-8.46221923828125,125.3265380859375,6
-8.46771240234375,125.3265380859375,16
-8.40179443359375,126.7327880859375,12
-8.47320556640625,125.3265380859375,34
-8.47869873046875,125.3265380859375,0
-9.47296142578125,125.2166748046875,18
-9.38507080078125,125.3375244140625,308
-9.27520751953125,124.1729736328125,235
-9.18731689453125,124.3157958984375,25
-8.96209716796875,126.5020751953125,0
-8.94561767578125,126.4910888671875,240
-9.19830322265625,124.3157958984375,57
-8.95111083984375,126.4801025390625,181
-9.28619384765625,124.1729736328125,10
-9.19281005859375,124.3048095703125,123
-9.18731689453125,124.3048095703125,0
-9.26971435546875,124.1729736328125,322
-8.78082275390625,124.9639892578125,21
-8.95111083984375,126.4910888671875,36
-9.19281005859375,124.3157958984375,204
-8.94561767578125,126.4801025390625,77
-9.28070068359375,124.1729736328125,478
-9.26422119140625,124.1729736328125,425
-8.78631591796875,124.9639892578125,18
-8.78631591796875,124.9310302734375,25
-8.22052001953125,125.6561279296875,6
-9.31365966796875,124.0960693359375,154
-9.29168701171875,124.1510009765625,93
-9.20379638671875,124.2938232421875,1200
-8.22052001953125,125.6231689453125,912
-8.20953369140625,125.6231689453125,2849
-8.22601318359375,125.6231689453125,190
-8.21502685546875,125.6231689453125,1213
-9.29168701171875,124.1619873046875,191
-9.19830322265625,124.2938232421875,48
-8.23150634765625,125.6231689453125,59
-8.23699951171875,125.6231689453125,40
-8.22052001953125,125.6121826171875,0
-8.96209716796875,126.4801025390625,4
-9.20379638671875,124.3048095703125,381
-9.28070068359375,124.1619873046875,239
-9.19830322265625,124.3048095703125,719
-9.27520751953125,124.1619873046875,150
-8.95660400390625,126.4801025390625,58
-8.69293212890625,125.0738525390625,15
-9.28619384765625,124.1619873046875,58
-8.69842529296875,125.0738525390625,18
-8.50067138671875,125.6011962890625,140
-9.19281005859375,124.2938232421875,0
-8.19854736328125,125.6341552734375,207
-8.74237060546875,124.9200439453125,47
-9.19281005859375,124.3487548828125,45
-8.20404052734375,125.6341552734375,2120
-9.18731689453125,124.3487548828125,49
-8.74786376953125,124.9200439453125,2
-8.19854736328125,125.6231689453125,39
-9.19281005859375,124.3597412109375,35
-8.20404052734375,125.6231689453125,868
-8.75335693359375,124.9200439453125,70
-9.18731689453125,124.3597412109375,70
-8.78082275390625,124.9749755859375,66
-9.26422119140625,124.1839599609375,52
-8.78631591796875,124.9749755859375,85
-9.25872802734375,124.1729736328125,481
-8.76983642578125,124.9639892578125,42
-8.77532958984375,124.9639892578125,35
-9.25323486328125,124.1729736328125,171
-8.34136962890625,127.2052001953125,726
-9.19830322265625,124.3377685546875,20
-9.19281005859375,124.3267822265625,984
-9.18182373046875,124.3267822265625,1
-8.76434326171875,124.9090576171875,12
-9.29718017578125,124.0850830078125,1
-9.19830322265625,124.3267822265625,223
-8.19854736328125,125.6451416015625,2
-8.20953369140625,125.6341552734375,41
-9.19830322265625,124.3487548828125,43
-8.21502685546875,125.6341552734375,3
-8.33587646484375,127.1832275390625,12
-8.75885009765625,124.9200439453125,21
-9.19830322265625,124.3597412109375,289
-9.18731689453125,124.3267822265625,182
-9.18182373046875,124.3377685546875,11
-8.75885009765625,124.9090576171875,21
-8.34686279296875,127.2052001953125,215
-9.19281005859375,124.3377685546875,1045
-9.18731689453125,124.3377685546875,261
-8.33587646484375,127.1942138671875,7
-8.92364501953125,126.5020751953125,2939
-8.92913818359375,126.5020751953125,1372
-8.18756103515625,125.6451416015625,56
-8.92364501953125,126.5130615234375,233
-8.92913818359375,126.5130615234375,138
-8.93463134765625,126.5020751953125,760
-8.19305419921875,125.6451416015625,30
-9.24224853515625,124.1839599609375,146
-8.75335693359375,124.9639892578125,10
-8.52264404296875,125.2496337890625,21
-8.94561767578125,126.5240478515625,44
-8.75885009765625,124.9749755859375,17
-8.94012451171875,126.5020751953125,25
-8.52264404296875,125.2606201171875,0
-8.93463134765625,126.5130615234375,11
-9.23675537109375,124.1839599609375,56
-8.94012451171875,126.5130615234375,149
-8.73687744140625,124.9310302734375,47
-8.17657470703125,125.6451416015625,627
-8.52264404296875,125.2716064453125,1
-8.18206787109375,125.6451416015625,462
-8.74237060546875,124.9310302734375,31
-8.18206787109375,125.6341552734375,36
-8.75885009765625,124.9530029296875,16
-8.76983642578125,124.9749755859375,22
-9.25872802734375,124.1839599609375,206
-8.18756103515625,125.6341552734375,9
-9.25323486328125,124.1839599609375,263
-8.77532958984375,124.9749755859375,74
-8.95111083984375,126.5130615234375,0
-8.19305419921875,125.6341552734375,29
-8.94561767578125,126.5020751953125,1
-8.76434326171875,124.9639892578125,15
-8.72589111328125,124.9420166015625,35
-8.74786376953125,124.9530029296875,85
-8.95660400390625,126.5240478515625,12
-8.73138427734375,124.9420166015625,30
-9.24774169921875,124.1729736328125,10
-8.95111083984375,126.5240478515625,167
-8.76434326171875,124.9749755859375,15
-9.24774169921875,124.1839599609375,342
-8.92913818359375,126.4910888671875,20
-8.73687744140625,124.9420166015625,27
-8.94012451171875,126.4910888671875,753
-8.74237060546875,124.9420166015625,52
-8.75335693359375,124.9420166015625,95
-8.96209716796875,126.5240478515625,16
-8.75335693359375,124.9530029296875,89
-8.31939697265625,127.2601318359375,1
-8.93463134765625,126.4910888671875,557
-8.74237060546875,124.9530029296875,18
-8.74786376953125,124.9420166015625,216
-8.51165771484375,125.2935791015625,34
-8.50616455078125,125.3045654296875,35
-8.51165771484375,125.3045654296875,0
-8.51715087890625,125.2935791015625,61
-8.52264404296875,125.2935791015625,53
-8.91265869140625,126.5020751953125,264
-8.51715087890625,125.3045654296875,64
-8.91815185546875,126.5020751953125,840
-8.52264404296875,125.3045654296875,93
-8.33587646484375,127.2052001953125,43
-8.34686279296875,127.2161865234375,19
-8.51715087890625,125.3155517578125,129
-8.52264404296875,125.3155517578125,21
-8.17108154296875,125.5792236328125,3
-8.39630126953125,127.0623779296875,1
-8.95111083984375,126.4361572265625,3
-8.95660400390625,126.4471435546875,21
-8.49517822265625,127.2271728515625,79
-8.50067138671875,127.2271728515625,1
-8.36334228515625,127.2271728515625,114
-8.96209716796875,126.4361572265625,237
-8.36883544921875,127.2271728515625,425
-8.96209716796875,126.4471435546875,104
-8.95660400390625,126.4361572265625,32
-8.21502685546875,125.5572509765625,0
-8.48419189453125,127.2381591796875,144
-8.47869873046875,127.2381591796875,45
-8.48419189453125,127.2271728515625,3
-8.96209716796875,126.4581298828125,93
-8.47869873046875,127.2271728515625,196
-8.48968505859375,127.2271728515625,78
-8.95660400390625,126.4581298828125,92
-8.34686279296875,127.1612548828125,140
-8.96209716796875,126.4251708984375,66
-9.35760498046875,125.2825927734375,5410
-8.34136962890625,127.1612548828125,7
-9.35211181640625,125.2825927734375,4215
-8.95111083984375,126.4141845703125,12
-8.72039794921875,125.0738525390625,96
-8.22052001953125,125.5242919921875,2
-8.95660400390625,126.4251708984375,114
-8.22601318359375,125.5242919921875,229
-8.49517822265625,127.2161865234375,172
-8.50067138671875,127.2161865234375,98
-8.70941162109375,125.0738525390625,86
-8.70391845703125,125.0738525390625,19
-8.72039794921875,125.0848388671875,30
-8.95111083984375,126.4251708984375,58
-9.34661865234375,125.2825927734375,89
-8.71490478515625,125.0738525390625,102
-8.22052001953125,125.5352783203125,98
-8.71490478515625,125.0848388671875,5
-9.34112548828125,125.2825927734375,1
-9.33563232421875,125.3155517578125,542
-8.69293212890625,125.0518798828125,60
-9.33013916015625,125.3155517578125,246
-9.30816650390625,124.1290283203125,132
-9.33563232421875,125.3265380859375,20
-8.25347900390625,125.5023193359375,808
-9.30816650390625,124.1180419921875,470
-9.32464599609375,125.2935791015625,1
-8.68743896484375,125.0408935546875,42
-8.25897216796875,125.5023193359375,2562
-8.69842529296875,125.0518798828125,50
-9.32464599609375,125.3045654296875,136
-9.30267333984375,124.1180419921875,10
-9.31915283203125,125.3265380859375,7
-8.25897216796875,125.6011962890625,0
-9.33013916015625,125.3265380859375,18
-9.32464599609375,125.3155517578125,15
-9.32464599609375,125.3265380859375,6
-8.36883544921875,127.2161865234375,533
-9.35760498046875,125.3265380859375,149
-8.36334228515625,127.2161865234375,220
-9.35211181640625,125.3265380859375,40
-9.34661865234375,125.3155517578125,1090
-9.34112548828125,125.3155517578125,1332
-8.20404052734375,125.5572509765625,151
-8.35784912109375,127.2161865234375,190
-8.47320556640625,127.2491455078125,48
-8.35235595703125,127.2161865234375,176
-8.47869873046875,127.2491455078125,17
-8.20953369140625,125.5572509765625,212
-8.35235595703125,127.2052001953125,274
-9.33013916015625,125.2935791015625,338
-8.69842529296875,125.0408935546875,17
-9.33563232421875,125.3045654296875,3428
-9.31365966796875,124.1070556640625,220
-8.69293212890625,125.0299072265625,15
-9.30816650390625,124.1070556640625,263
-9.33013916015625,125.3045654296875,806
-8.69293212890625,125.0408935546875,69
-9.34661865234375,125.3265380859375,445
-9.34112548828125,125.3265380859375,360
-9.33563232421875,125.2935791015625,2604
-8.51715087890625,125.6011962890625,92
-8.51165771484375,125.6011962890625,60
-8.33587646484375,127.1722412109375,274
-9.21478271484375,124.2938232421875,63
-9.20928955078125,124.2938232421875,1333
-9.29718017578125,124.1510009765625,129
-8.46221923828125,127.2601318359375,448
-8.52264404296875,125.6011962890625,32
-9.29718017578125,124.1619873046875,9
-8.46771240234375,127.2601318359375,294
-8.69842529296875,125.0628662109375,19
-8.68743896484375,125.0518798828125,3
-8.18756103515625,125.5682373046875,216
-8.69293212890625,125.0628662109375,3
-8.50616455078125,125.6011962890625,158
-8.25347900390625,125.6231689453125,59
-8.95111083984375,126.4581298828125,21
-8.25897216796875,125.6231689453125,18
-8.95660400390625,126.4691162109375,7
-8.24249267578125,125.6121826171875,2475
-8.95111083984375,126.4691162109375,349
-8.24798583984375,125.6121826171875,1858
-8.25347900390625,125.6121826171875,468
-8.96209716796875,126.4691162109375,208
-8.25897216796875,125.6121826171875,417
-9.21478271484375,124.2828369140625,1705
-8.47320556640625,127.2601318359375,38
-9.20928955078125,124.2828369140625,77
-9.22027587890625,124.2828369140625,99
-9.28070068359375,124.1400146484375,1
-8.24249267578125,125.6231689453125,177
-8.24798583984375,125.6231689453125,170
-9.29168701171875,124.1400146484375,14
-8.20953369140625,125.6121826171875,43
-8.22601318359375,125.6121826171875,1210
-8.21502685546875,125.6121826171875,58
-9.21478271484375,124.3048095703125,13
-9.20928955078125,124.3048095703125,489
-8.23150634765625,125.6121826171875,2943
-8.23699951171875,125.6121826171875,1993
-9.29718017578125,124.1400146484375,186
-8.17657470703125,125.5792236328125,12
-8.18206787109375,125.5792236328125,1357
-8.18756103515625,125.5792236328125,219
-9.30267333984375,124.1290283203125,248
-9.29718017578125,124.1290283203125,66
-8.72039794921875,125.0518798828125,60
-9.40155029296875,125.2496337890625,444
-9.39605712890625,125.2496337890625,2444
-8.72039794921875,125.0628662109375,101
-8.71490478515625,125.0518798828125,91
-9.40155029296875,125.2606201171875,286
-9.38507080078125,125.2606201171875,1446
-8.70391845703125,125.0628662109375,4
-9.40155029296875,125.2716064453125,484
-9.39605712890625,125.2716064453125,201
-8.35235595703125,127.1612548828125,108
-8.70941162109375,125.0518798828125,79
-9.39605712890625,125.2606201171875,335
-9.39056396484375,125.2496337890625,3068
-8.71490478515625,125.0628662109375,38
-9.38507080078125,125.2496337890625,1973
-8.70941162109375,125.0628662109375,37
-9.39056396484375,125.2606201171875,635
-8.70391845703125,125.0518798828125,23
-8.73687744140625,125.0628662109375,151
-8.74237060546875,125.0628662109375,231
-8.72589111328125,125.0518798828125,255
-8.80828857421875,126.6229248046875,129
-8.73138427734375,125.0518798828125,268
-8.80828857421875,126.6119384765625,9
-8.72039794921875,125.0408935546875,51
-8.72589111328125,125.0628662109375,43
-8.73138427734375,125.0628662109375,159
-9.40155029296875,125.2935791015625,625
-9.39605712890625,125.2935791015625,1230
-9.40155029296875,125.3045654296875,527
-9.39605712890625,125.3045654296875,741
-8.74786376953125,125.0738525390625,376
-8.74786376953125,125.0848388671875,493
-8.75335693359375,125.0848388671875,543
-8.52264404296875,127.1942138671875,64
-9.40155029296875,125.3155517578125,55
-9.39605712890625,125.3155517578125,280
-9.39056396484375,125.2935791015625,1201
-9.38507080078125,125.2935791015625,995
-9.39056396484375,125.3045654296875,887
-9.33013916015625,125.2276611328125,1
-9.38507080078125,125.3045654296875,1119
-8.35784912109375,127.1502685546875,275
-8.77532958984375,125.0958251953125,12
-8.35235595703125,127.1502685546875,534
-8.76983642578125,125.0958251953125,17
-8.36334228515625,127.1392822265625,1828
-8.76434326171875,125.0848388671875,107
-8.75335693359375,125.0738525390625,577
-9.33563232421875,125.2056884765625,1
-8.75885009765625,125.0848388671875,205
-8.76434326171875,125.0738525390625,126
-8.36334228515625,127.1502685546875,72
-8.35784912109375,127.1392822265625,202
-8.75885009765625,125.0738525390625,315
-8.72589111328125,125.0848388671875,111
-9.35760498046875,125.2606201171875,228
-8.73138427734375,125.0848388671875,124
-9.36859130859375,125.2606201171875,8695
-9.36309814453125,125.2606201171875,3378
-9.37957763671875,125.2606201171875,3893
-8.73687744140625,125.0848388671875,169
-8.74237060546875,125.0848388671875,382
-9.37408447265625,125.2606201171875,9263
-8.72589111328125,125.0738525390625,103
-9.36859130859375,125.2496337890625,148
-8.73138427734375,125.0738525390625,279
-9.36859130859375,125.2716064453125,13416
-9.35211181640625,125.2716064453125,0
-9.36309814453125,125.2716064453125,11103
-8.95660400390625,126.4141845703125,38
-9.36859130859375,125.2825927734375,1579
-9.36309814453125,125.2825927734375,2505
-9.37957763671875,125.2716064453125,324
-9.37408447265625,125.2716064453125,4693
-9.37957763671875,125.2825927734375,392
-8.96209716796875,126.4141845703125,4
-9.35760498046875,125.2716064453125,182
-9.37408447265625,125.2825927734375,823
-8.37982177734375,127.2381591796875,40
-8.37432861328125,127.2381591796875,670
-8.51715087890625,127.2052001953125,515
-8.52264404296875,127.2052001953125,73
-9.40155029296875,125.2825927734375,990
-8.37432861328125,127.2271728515625,411
-8.25347900390625,125.5133056640625,456
-8.51715087890625,127.1942138671875,59
-9.38507080078125,125.2825927734375,651
-9.37957763671875,125.2496337890625,2154
-8.73687744140625,125.0738525390625,344
-8.74237060546875,125.0738525390625,343
-9.37408447265625,125.2496337890625,1628
-9.39605712890625,125.2825927734375,749
-9.39056396484375,125.2716064453125,185
-9.38507080078125,125.2716064453125,153
-9.39056396484375,125.2825927734375,608
-9.35760498046875,125.3045654296875,593
-9.36309814453125,125.2935791015625,960
-9.35211181640625,125.3045654296875,865
-9.36859130859375,125.3045654296875,253
-9.34661865234375,125.2935791015625,2310
-9.36309814453125,125.3045654296875,553
-9.34112548828125,125.2935791015625,1624
-9.37957763671875,125.3155517578125,355
-8.50616455078125,127.2161865234375,278
-8.51165771484375,127.2161865234375,170
-9.37408447265625,125.3045654296875,591
-8.50616455078125,127.2052001953125,67
-9.36859130859375,125.2935791015625,609
-9.35760498046875,125.2935791015625,1275
-8.51165771484375,127.2052001953125,119
-9.35211181640625,125.2935791015625,3690
-9.36309814453125,125.3155517578125,308
-8.23150634765625,125.5242919921875,276
-9.36859130859375,125.3265380859375,24
-8.23699951171875,125.5242919921875,68
-9.36309814453125,125.3265380859375,64
-9.34661865234375,125.3045654296875,3631
-9.37408447265625,125.3155517578125,231
-9.34112548828125,125.3045654296875,6193
-9.37957763671875,125.3265380859375,242
-9.35760498046875,125.3155517578125,408
-9.37408447265625,125.3265380859375,15
-9.35211181640625,125.3155517578125,1043
-9.36859130859375,125.3155517578125,206
-9.40155029296875,125.3265380859375,83
-9.39605712890625,125.3265380859375,88
-9.37957763671875,125.2935791015625,684
-9.37408447265625,125.2935791015625,461
-9.37957763671875,125.3045654296875,743
-9.39056396484375,125.3155517578125,493
-9.38507080078125,125.3155517578125,255
-9.39056396484375,125.3265380859375,157
-9.38507080078125,125.3265380859375,260
-8.74786376953125,125.0189208984375,13
-8.75335693359375,125.0189208984375,108
-8.37982177734375,127.3699951171875,6
-8.74786376953125,125.0299072265625,80
-8.74786376953125,125.0408935546875,124
-8.75335693359375,125.0408935546875,218
-8.76434326171875,125.0408935546875,288
-8.75335693359375,125.0299072265625,98
-8.75885009765625,125.0408935546875,176
-8.74786376953125,125.0518798828125,266
-8.75335693359375,125.0518798828125,249
-8.74786376953125,125.0628662109375,315
-8.53912353515625,127.1832275390625,701
-8.75335693359375,125.0628662109375,553
-8.75885009765625,125.0518798828125,363
-8.54461669921875,127.1832275390625,38
-8.76434326171875,125.0518798828125,384
-8.75885009765625,125.0628662109375,581
-8.76434326171875,125.0628662109375,537
-8.78631591796875,125.0628662109375,94
-8.76434326171875,125.0299072265625,178
-8.81927490234375,126.5679931640625,40
-8.76983642578125,125.0628662109375,275
-8.75885009765625,125.0299072265625,111
-8.77532958984375,125.0518798828125,182
-8.78082275390625,125.0628662109375,30
-8.82476806640625,126.5679931640625,49
-8.77532958984375,125.0628662109375,122
-8.76983642578125,125.0518798828125,380
-8.73687744140625,125.0408935546875,57
-8.74237060546875,125.0408935546875,123
-8.73687744140625,125.0299072265625,10
-8.74237060546875,125.0299072265625,65
-8.35784912109375,127.1173095703125,246
-8.35235595703125,127.1173095703125,112
-8.36883544921875,127.1282958984375,80
-8.37432861328125,127.1502685546875,1
-8.36334228515625,127.1282958984375,1108
-8.72589111328125,125.0408935546875,84
-8.73138427734375,125.0408935546875,133
-8.73687744140625,125.0518798828125,258
-8.35784912109375,127.1282958984375,52
-8.74237060546875,125.0518798828125,247
-8.40179443359375,126.7437744140625,25
-8.53912353515625,127.2052001953125,24
-8.52813720703125,127.1942138671875,74
-8.52813720703125,127.1832275390625,10
-8.53363037109375,127.1832275390625,44
-8.53912353515625,127.1942138671875,54
-8.53363037109375,127.2052001953125,27
-8.77532958984375,125.0738525390625,89
-8.78082275390625,125.0848388671875,8
-8.77532958984375,125.0848388671875,4
-8.76983642578125,125.0738525390625,103
-8.78631591796875,125.0738525390625,98
-8.78082275390625,125.0738525390625,63
-8.76983642578125,125.0848388671875,59
-9.34661865234375,125.2056884765625,0
-8.78082275390625,125.0958251953125,1
-8.36334228515625,127.1063232421875,287
-8.35784912109375,127.0953369140625,36
-8.36883544921875,127.1173095703125,137
-9.35211181640625,125.1837158203125,1
-8.36334228515625,127.1173095703125,665
-8.35784912109375,127.1063232421875,19
-8.81378173828125,126.6009521484375,16
-8.36883544921875,127.0953369140625,135
-8.36883544921875,127.1063232421875,29
-8.36334228515625,127.0953369140625,630
